{
  "timestamp": "2026-02-06T22:19:10.063831",
  "test_info": {
    "ranks": 4,
    "warmups": 5,
    "trials": 20,
    "elapsed_time_seconds": 42.310442209243774,
    "device_info": "_CudaDeviceProperties(name='NVIDIA GB200', major=10, minor=0, total_memory=188416MB, multi_processor_count=152, uuid=053fb1c8-9ea5-ebd7-c333-5c68bb6d13f9, pci_bus_id=1, pci_device_id=0, pci_domain_id=8, L2_cache_size=129MB)"
  },
  "metrics": {
    "busbw": {
      "values_gbps": [
        0.757187424,
        1.691780544,
        3.393506688,
        6.286209024,
        13.381089792,
        24.56188416,
        37.820971008,
        59.009304576,
        104.5082112,
        161.796489216,
        187.873972224,
        275.84790528,
        438.146924544,
        432.765026304,
        575.216861184,
        409.106767872,
        657.827659776,
        668.778725376,
        675.14966016,
        678.0383232
      ],
      "avg_gbps": 270.5979229776,
      "max_gbps": 678.0383232,
      "detailed": {
        "32KiB": 0.757187424,
        "64KiB": 1.691780544,
        "128KiB": 3.393506688,
        "256KiB": 6.286209024,
        "512KiB": 13.381089792,
        "1MiB": 24.56188416,
        "2MiB": 37.820971008,
        "4MiB": 59.009304576,
        "8MiB": 104.5082112,
        "16MiB": 161.796489216,
        "32MiB": 187.873972224,
        "64MiB": 275.84790528,
        "128MiB": 438.146924544,
        "256MiB": 432.765026304,
        "512MiB": 575.216861184,
        "1GiB": 409.106767872,
        "2GiB": 657.827659776,
        "4GiB": 668.778725376,
        "8GiB": 675.14966016,
        "16GiB": 678.0383232
      }
    },
    "algbw": {
      "values_gbps": [
        0.504791616,
        1.127853696,
        2.262337792,
        4.190806016,
        8.920726528,
        16.37458944,
        25.213980672,
        39.339536384,
        69.6721408,
        107.864326144,
        125.249314816,
        183.89860352,
        292.097949696,
        288.510017536,
        383.477907456,
        272.737845248,
        438.551773184,
        445.852483584,
        450.09977344,
        452.0255488
      ],
      "avg_gbps": 180.3986153184,
      "max_gbps": 452.0255488,
      "detailed": {
        "32KiB": 0.504791616,
        "64KiB": 1.127853696,
        "128KiB": 2.262337792,
        "256KiB": 4.190806016,
        "512KiB": 8.920726528,
        "1MiB": 16.37458944,
        "2MiB": 25.213980672,
        "4MiB": 39.339536384,
        "8MiB": 69.6721408,
        "16MiB": 107.864326144,
        "32MiB": 125.249314816,
        "64MiB": 183.89860352,
        "128MiB": 292.097949696,
        "256MiB": 288.510017536,
        "512MiB": 383.477907456,
        "1GiB": 272.737845248,
        "2GiB": 438.551773184,
        "4GiB": 445.852483584,
        "8GiB": 450.09977344,
        "16GiB": 452.0255488
      }
    }
  }
}