{
  "fio version" : "fio-3.36",
  "timestamp" : 1770514065,
  "timestamp_ms" : 1770514065398,
  "time" : "Sun Feb  8 01:27:45 2026",
  "jobs" : [
    {
      "jobname" : "rand-write",
      "groupid" : 0,
      "job_start" : 1770514035335,
      "error" : 0,
      "eta" : 0,
      "elapsed" : 31,
      "job options" : {
        "name" : "rand-write",
        "directory" : "/tmp/cluster_perf_fio_2026-02-08_011938_cluster_perf_node1",
        "ioengine" : "libaio",
        "direct" : "1",
        "rw" : "randwrite",
        "bs" : "4K",
        "size" : "1G",
        "numjobs" : "4",
        "iodepth" : "64",
        "runtime" : "30"
      },
      "read" : {
        "io_bytes" : 0,
        "io_kbytes" : 0,
        "bw_bytes" : 0,
        "bw" : 0,
        "iops" : 0.000000,
        "runtime" : 0,
        "total_ios" : 0,
        "short_ios" : 0,
        "drop_ios" : 0,
        "slat_ns" : {
          "min" : 0,
          "max" : 0,
          "mean" : 0.000000,
          "stddev" : 0.000000,
          "N" : 0
        },
        "clat_ns" : {
          "min" : 0,
          "max" : 0,
          "mean" : 0.000000,
          "stddev" : 0.000000,
          "N" : 0
        },
        "lat_ns" : {
          "min" : 0,
          "max" : 0,
          "mean" : 0.000000,
          "stddev" : 0.000000,
          "N" : 0
        },
        "bw_min" : 0,
        "bw_max" : 0,
        "bw_agg" : 0.000000,
        "bw_mean" : 0.000000,
        "bw_dev" : 0.000000,
        "bw_samples" : 0,
        "iops_min" : 0,
        "iops_max" : 0,
        "iops_mean" : 0.000000,
        "iops_stddev" : 0.000000,
        "iops_samples" : 0
      },
      "write" : {
        "io_bytes" : 2056765440,
        "io_kbytes" : 2008560,
        "bw_bytes" : 68536002,
        "bw" : 66929,
        "iops" : 16732.422526,
        "runtime" : 30010,
        "total_ios" : 502140,
        "short_ios" : 0,
        "drop_ios" : 0,
        "slat_ns" : {
          "min" : 4480,
          "max" : 23691473,
          "mean" : 237841.165806,
          "stddev" : 233224.893111,
          "N" : 502140
        },
        "clat_ns" : {
          "min" : 842568,
          "max" : 119672704,
          "mean" : 15055332.412417,
          "stddev" : 4385982.349786,
          "N" : 502140,
          "percentile" : {
            "1.000000" : 6258688,
            "5.000000" : 8454144,
            "10.000000" : 9633792,
            "20.000000" : 11075584,
            "30.000000" : 12517376,
            "40.000000" : 13828096,
            "50.000000" : 15007744,
            "60.000000" : 16187392,
            "70.000000" : 17170432,
            "80.000000" : 18481152,
            "90.000000" : 20578304,
            "95.000000" : 22151168,
            "99.000000" : 26345472,
            "99.500000" : 28180480,
            "99.900000" : 34340864,
            "99.950000" : 36962304,
            "99.990000" : 44826624
          }
        },
        "lat_ns" : {
          "min" : 951752,
          "max" : 119941762,
          "mean" : 15293173.578223,
          "stddev" : 4407276.276619,
          "N" : 502140
        },
        "bw_min" : 54928,
        "bw_max" : 99504,
        "bw_agg" : 99.982535,
        "bw_mean" : 66918.400000,
        "bw_dev" : 2391.125306,
        "bw_samples" : 240,
        "iops_min" : 13732,
        "iops_max" : 24876,
        "iops_mean" : 16729.600000,
        "iops_stddev" : 597.781327,
        "iops_samples" : 240
      },
      "trim" : {
        "io_bytes" : 0,
        "io_kbytes" : 0,
        "bw_bytes" : 0,
        "bw" : 0,
        "iops" : 0.000000,
        "runtime" : 0,
        "total_ios" : 0,
        "short_ios" : 0,
        "drop_ios" : 0,
        "slat_ns" : {
          "min" : 0,
          "max" : 0,
          "mean" : 0.000000,
          "stddev" : 0.000000,
          "N" : 0
        },
        "clat_ns" : {
          "min" : 0,
          "max" : 0,
          "mean" : 0.000000,
          "stddev" : 0.000000,
          "N" : 0
        },
        "lat_ns" : {
          "min" : 0,
          "max" : 0,
          "mean" : 0.000000,
          "stddev" : 0.000000,
          "N" : 0
        },
        "bw_min" : 0,
        "bw_max" : 0,
        "bw_agg" : 0.000000,
        "bw_mean" : 0.000000,
        "bw_dev" : 0.000000,
        "bw_samples" : 0,
        "iops_min" : 0,
        "iops_max" : 0,
        "iops_mean" : 0.000000,
        "iops_stddev" : 0.000000,
        "iops_samples" : 0
      },
      "sync" : {
        "total_ios" : 0,
        "lat_ns" : {
          "min" : 0,
          "max" : 0,
          "mean" : 0.000000,
          "stddev" : 0.000000,
          "N" : 0
        }
      },
      "job_runtime" : 120029,
      "usr_cpu" : 0.493214,
      "sys_cpu" : 7.691475,
      "ctx" : 465261,
      "majf" : 0,
      "minf" : 121,
      "iodepth_level" : {
        "1" : 0.100000,
        "2" : 0.100000,
        "4" : 0.100000,
        "8" : 0.100000,
        "16" : 0.100000,
        "32" : 0.100000,
        ">=64" : 99.949815
      },
      "iodepth_submit" : {
        "0" : 0.000000,
        "4" : 100.000000,
        "8" : 0.000000,
        "16" : 0.000000,
        "32" : 0.000000,
        "64" : 0.000000,
        ">=64" : 0.000000
      },
      "iodepth_complete" : {
        "0" : 0.000000,
        "4" : 99.999203,
        "8" : 0.000000,
        "16" : 0.000000,
        "32" : 0.000000,
        "64" : 0.100000,
        ">=64" : 0.000000
      },
      "latency_ns" : {
        "2" : 0.000000,
        "4" : 0.000000,
        "10" : 0.000000,
        "20" : 0.000000,
        "50" : 0.000000,
        "100" : 0.000000,
        "250" : 0.000000,
        "500" : 0.000000,
        "750" : 0.000000,
        "1000" : 0.000000
      },
      "latency_us" : {
        "2" : 0.000000,
        "4" : 0.000000,
        "10" : 0.000000,
        "20" : 0.000000,
        "50" : 0.000000,
        "100" : 0.000000,
        "250" : 0.000000,
        "500" : 0.000000,
        "750" : 0.000000,
        "1000" : 0.010000
      },
      "latency_ms" : {
        "2" : 0.010000,
        "4" : 0.010000,
        "10" : 12.642888,
        "20" : 75.316446,
        "50" : 12.025531,
        "100" : 0.010000,
        "250" : 0.010000,
        "500" : 0.000000,
        "750" : 0.000000,
        "1000" : 0.000000,
        "2000" : 0.000000,
        ">=2000" : 0.000000
      },
      "latency_depth" : 64,
      "latency_target" : 0,
      "latency_percentile" : 100.000000,
      "latency_window" : 0
    }
  ],
  "disk_util" : [
    {
      "name" : "nvme7n1",
      "read_ios" : 0,
      "write_ios" : 498993,
      "read_sectors" : 0,
      "write_sectors" : 4058768,
      "read_merges" : 0,
      "write_merges" : 6033,
      "read_ticks" : 0,
      "write_ticks" : 3748062,
      "in_queue" : 3748106,
      "util" : 92.134381
    }
  ]
}
