{
  "correctness": {
    "max_abs_diff": 43.971099853515625,
    "max_rel_diff_vs_fp32_ref": 0.12601390447590768
  },
  "device": {
    "capability": "10.0",
    "name": "NVIDIA GB200",
    "use_ue8m0": true
  },
  "iters": 30,
  "quantization": {
    "gran_k_a": 128,
    "gran_k_b": 32,
    "recipe_a": [
      1,
      128
    ],
    "recipe_b": [
      1,
      32
    ]
  },
  "results": {
    "deepgemm_fp8_fp4": {
      "avg_ms": 0.0913760003944238,
      "avg_tflops": 1504.1034065700603,
      "p50_ms": 0.08854400366544724,
      "p50_tflops": 1552.210740224673,
      "p99_ms": 0.10009600222110748,
      "p99_tflops": 1373.0713557211172
    },
    "deepgemm_over_torch_bf16_speedup": 1.3196054340739554,
    "torch_bf16_baseline": {
      "avg_ms": 0.12058026666442553,
      "avg_tflops": 1139.812983284339,
      "p50_ms": 0.11974400281906128,
      "p50_tflops": 1147.773168061507,
      "p99_ms": 0.13158400356769562,
      "p99_tflops": 1044.4959094233077
    }
  },
  "seed": 0,
  "shape": {
    "k": 4096,
    "m": 4096,
    "n": 4096
  },
  "status": "ok",
  "timestamp": "2026-02-09T20:18:45+0000",
  "warmup": 10
}