{
  "correctness": {
    "max_abs_diff": 43.9713134765625,
    "max_rel_diff_vs_fp32_ref": 0.126015464499083
  },
  "device": {
    "capability": "10.0",
    "name": "NVIDIA GB200",
    "use_ue8m0": true
  },
  "iters": 30,
  "quantization": {
    "gran_k_a": 128,
    "gran_k_b": 32,
    "recipe_a": [
      1,
      128
    ],
    "recipe_b": [
      1,
      32
    ]
  },
  "results": {
    "deepgemm_fp8_fp4": {
      "avg_ms": 0.09001280019680659,
      "avg_tflops": 1526.8823230862665,
      "p50_ms": 0.0883840024471283,
      "p50_tflops": 1555.020701333554,
      "p99_ms": 0.10585600137710571,
      "p99_tflops": 1298.357690485416
    },
    "deepgemm_over_torch_bf16_speedup": 1.3195871367254144,
    "torch_bf16_baseline": {
      "avg_ms": 0.11877973328034083,
      "avg_tflops": 1157.0909420011928,
      "p50_ms": 0.11750400066375732,
      "p50_tflops": 1169.6533964429634,
      "p99_ms": 0.1252799928188324,
      "p99_tflops": 1097.054289193253
    }
  },
  "seed": 0,
  "shape": {
    "k": 4096,
    "m": 4096,
    "n": 4096
  },
  "status": "ok",
  "timestamp": "2026-02-09T03:13:21+0000",
  "warmup": 10
}