{
  "fio version" : "fio-3.36",
  "timestamp" : 1770524853,
  "timestamp_ms" : 1770524853705,
  "time" : "Sun Feb  8 04:27:33 2026",
  "jobs" : [
    {
      "jobname" : "seqread",
      "groupid" : 0,
      "job_start" : 1770524823662,
      "error" : 0,
      "eta" : 0,
      "elapsed" : 31,
      "job options" : {
        "name" : "seqread",
        "filename" : "/dev/nvme0n1",
        "direct" : "1",
        "ioengine" : "libaio",
        "rw" : "read",
        "bs" : "1M",
        "iodepth" : "32",
        "numjobs" : "1",
        "runtime" : "30"
      },
      "read" : {
        "io_bytes" : 213800452096,
        "io_kbytes" : 208789504,
        "bw_bytes" : 7125494154,
        "bw" : 6958490,
        "iops" : 6795.400767,
        "runtime" : 30005,
        "total_ios" : 203896,
        "short_ios" : 0,
        "drop_ios" : 0,
        "slat_ns" : {
          "min" : 3264,
          "max" : 110976,
          "mean" : 3783.441127,
          "stddev" : 998.520027,
          "N" : 203896
        },
        "clat_ns" : {
          "min" : 1274048,
          "max" : 8799328,
          "mean" : 4704813.244556,
          "stddev" : 46873.496929,
          "N" : 203896,
          "percentile" : {
            "1.000000" : 4685824,
            "5.000000" : 4685824,
            "10.000000" : 4685824,
            "20.000000" : 4685824,
            "30.000000" : 4685824,
            "40.000000" : 4685824,
            "50.000000" : 4685824,
            "60.000000" : 4685824,
            "70.000000" : 4685824,
            "80.000000" : 4685824,
            "90.000000" : 4751360,
            "95.000000" : 4751360,
            "99.000000" : 4816896,
            "99.500000" : 4816896,
            "99.900000" : 4816896,
            "99.950000" : 4816896,
            "99.990000" : 5865472
          }
        },
        "lat_ns" : {
          "min" : 1324192,
          "max" : 8803264,
          "mean" : 4708596.685683,
          "stddev" : 46441.014308,
          "N" : 203896
        },
        "bw_min" : 6856704,
        "bw_max" : 6971392,
        "bw_agg" : 100.000000,
        "bw_mean" : 6958592.000000,
        "bw_dev" : 21461.808488,
        "bw_samples" : 60,
        "iops_min" : 6696,
        "iops_max" : 6808,
        "iops_mean" : 6795.500000,
        "iops_stddev" : 20.958797,
        "iops_samples" : 60
      },
      "write" : {
        "io_bytes" : 0,
        "io_kbytes" : 0,
        "bw_bytes" : 0,
        "bw" : 0,
        "iops" : 0.000000,
        "runtime" : 0,
        "total_ios" : 0,
        "short_ios" : 0,
        "drop_ios" : 0,
        "slat_ns" : {
          "min" : 0,
          "max" : 0,
          "mean" : 0.000000,
          "stddev" : 0.000000,
          "N" : 0
        },
        "clat_ns" : {
          "min" : 0,
          "max" : 0,
          "mean" : 0.000000,
          "stddev" : 0.000000,
          "N" : 0
        },
        "lat_ns" : {
          "min" : 0,
          "max" : 0,
          "mean" : 0.000000,
          "stddev" : 0.000000,
          "N" : 0
        },
        "bw_min" : 0,
        "bw_max" : 0,
        "bw_agg" : 0.000000,
        "bw_mean" : 0.000000,
        "bw_dev" : 0.000000,
        "bw_samples" : 0,
        "iops_min" : 0,
        "iops_max" : 0,
        "iops_mean" : 0.000000,
        "iops_stddev" : 0.000000,
        "iops_samples" : 0
      },
      "trim" : {
        "io_bytes" : 0,
        "io_kbytes" : 0,
        "bw_bytes" : 0,
        "bw" : 0,
        "iops" : 0.000000,
        "runtime" : 0,
        "total_ios" : 0,
        "short_ios" : 0,
        "drop_ios" : 0,
        "slat_ns" : {
          "min" : 0,
          "max" : 0,
          "mean" : 0.000000,
          "stddev" : 0.000000,
          "N" : 0
        },
        "clat_ns" : {
          "min" : 0,
          "max" : 0,
          "mean" : 0.000000,
          "stddev" : 0.000000,
          "N" : 0
        },
        "lat_ns" : {
          "min" : 0,
          "max" : 0,
          "mean" : 0.000000,
          "stddev" : 0.000000,
          "N" : 0
        },
        "bw_min" : 0,
        "bw_max" : 0,
        "bw_agg" : 0.000000,
        "bw_mean" : 0.000000,
        "bw_dev" : 0.000000,
        "bw_samples" : 0,
        "iops_min" : 0,
        "iops_max" : 0,
        "iops_mean" : 0.000000,
        "iops_stddev" : 0.000000,
        "iops_samples" : 0
      },
      "sync" : {
        "total_ios" : 0,
        "lat_ns" : {
          "min" : 0,
          "max" : 0,
          "mean" : 0.000000,
          "stddev" : 0.000000,
          "N" : 0
        }
      },
      "job_runtime" : 30004,
      "usr_cpu" : 0.413278,
      "sys_cpu" : 5.299293,
      "ctx" : 203857,
      "majf" : 0,
      "minf" : 520,
      "iodepth_level" : {
        "1" : 0.100000,
        "2" : 0.100000,
        "4" : 0.100000,
        "8" : 0.100000,
        "16" : 0.100000,
        "32" : 99.984796,
        ">=64" : 0.000000
      },
      "iodepth_submit" : {
        "0" : 0.000000,
        "4" : 100.000000,
        "8" : 0.000000,
        "16" : 0.000000,
        "32" : 0.000000,
        "64" : 0.000000,
        ">=64" : 0.000000
      },
      "iodepth_complete" : {
        "0" : 0.000000,
        "4" : 99.999509,
        "8" : 0.000000,
        "16" : 0.000000,
        "32" : 0.100000,
        "64" : 0.000000,
        ">=64" : 0.000000
      },
      "latency_ns" : {
        "2" : 0.000000,
        "4" : 0.000000,
        "10" : 0.000000,
        "20" : 0.000000,
        "50" : 0.000000,
        "100" : 0.000000,
        "250" : 0.000000,
        "500" : 0.000000,
        "750" : 0.000000,
        "1000" : 0.000000
      },
      "latency_us" : {
        "2" : 0.000000,
        "4" : 0.000000,
        "10" : 0.000000,
        "20" : 0.000000,
        "50" : 0.000000,
        "100" : 0.000000,
        "250" : 0.000000,
        "500" : 0.000000,
        "750" : 0.000000,
        "1000" : 0.000000
      },
      "latency_ms" : {
        "2" : 0.010000,
        "4" : 0.010000,
        "10" : 99.982834,
        "20" : 0.000000,
        "50" : 0.000000,
        "100" : 0.000000,
        "250" : 0.000000,
        "500" : 0.000000,
        "750" : 0.000000,
        "1000" : 0.000000,
        "2000" : 0.000000,
        ">=2000" : 0.000000
      },
      "latency_depth" : 32,
      "latency_target" : 0,
      "latency_percentile" : 100.000000,
      "latency_window" : 0
    }
  ],
  "disk_util" : [
    {
      "name" : "nvme0n1",
      "read_ios" : 203155,
      "write_ios" : 0,
      "read_sectors" : 416061440,
      "write_sectors" : 0,
      "read_merges" : 0,
      "write_merges" : 0,
      "read_ticks" : 955554,
      "write_ticks" : 0,
      "in_queue" : 955555,
      "util" : 99.676591
    }
  ]
}
