label,m,n,k,dtype,iters,avg_ms,p50_ms,p99_ms,avg_tflops,p50_tflops,p99_tflops,physical_gpu,app_sm_mhz,app_mem_mhz,cur_sm_mhz,cur_mem_mhz
node2_gpu0,16384,16384,16384,bf16,50,5.38115106523037,5.5719680385664105,5.7792640291154385,1634.6117987734722,1578.6330720718045,1522.0092001151072,0,2062,3996,1950,3996
node2_gpu1,16384,16384,16384,bf16,50,5.756501017604023,5.806559987831861,6.054078985471278,1528.0277021247048,1514.8544130502328,1452.9200962387624,1,2062,3996,1950,3996
node2_gpu2,16384,16384,16384,bf16,50,5.791293483925983,5.876320006791502,6.090174021665007,1518.8477404265532,1496.8710029477627,1444.3089788431394,2,2062,3996,1950,3996
node2_gpu3,16384,16384,16384,bf16,50,5.58457498322241,5.61452895635739,6.003200018312782,1575.069373879636,1566.6662494006898,1465.2340410740085,3,2062,3996,1950,3996
