{
  "correctness": {
    "max_abs_diff": 43.9713134765625,
    "max_rel_diff_vs_fp32_ref": 0.126015464499083
  },
  "device": {
    "capability": "10.0",
    "name": "NVIDIA GB200",
    "use_ue8m0": true
  },
  "iters": 30,
  "quantization": {
    "gran_k_a": 128,
    "gran_k_b": 32,
    "recipe_a": [
      1,
      128
    ],
    "recipe_b": [
      1,
      32
    ]
  },
  "results": {
    "deepgemm_fp8_fp4": {
      "avg_ms": 0.08676586598157883,
      "avg_tflops": 1584.0209962426875,
      "p50_ms": 0.08483199775218964,
      "p50_tflops": 1620.1310485871766,
      "p99_ms": 0.10012800246477127,
      "p99_tflops": 1372.6325312477506
    },
    "deepgemm_over_torch_bf16_speedup": 1.4189420099674288,
    "torch_bf16_baseline": {
      "avg_ms": 0.12311573227246603,
      "avg_tflops": 1116.3394875306058,
      "p50_ms": 0.12015999853610992,
      "p50_tflops": 1143.799560139787,
      "p99_ms": 0.1364479959011078,
      "p99_tflops": 1007.2625293200379
    }
  },
  "seed": 0,
  "shape": {
    "k": 4096,
    "m": 4096,
    "n": 4096
  },
  "status": "ok",
  "timestamp": "2026-02-09T03:12:53+0000",
  "warmup": 10
}