{
  "correctness": {
    "max_abs_diff": 43.971099853515625,
    "max_rel_diff_vs_fp32_ref": 0.12601390447590768
  },
  "device": {
    "capability": "10.0",
    "name": "NVIDIA GB200",
    "use_ue8m0": true
  },
  "iters": 30,
  "quantization": {
    "gran_k_a": 128,
    "gran_k_b": 32,
    "recipe_a": [
      1,
      128
    ],
    "recipe_b": [
      1,
      32
    ]
  },
  "results": {
    "deepgemm_fp8_fp4": {
      "avg_ms": 0.10064746737480164,
      "avg_tflops": 1365.5480565664943,
      "p50_ms": 0.09670399874448776,
      "p50_tflops": 1421.2334056127559,
      "p99_ms": 0.14659200608730316,
      "p99_tflops": 937.5610385613248
    },
    "deepgemm_over_torch_bf16_speedup": 1.2017762206680076,
    "torch_bf16_baseline": {
      "avg_ms": 0.12095573296149571,
      "avg_tflops": 1136.2748181250033,
      "p50_ms": 0.12060800194740295,
      "p50_tflops": 1139.5508693688253,
      "p99_ms": 0.1266240030527115,
      "p99_tflops": 1085.4099551313855
    }
  },
  "seed": 0,
  "shape": {
    "k": 4096,
    "m": 4096,
    "n": 4096
  },
  "status": "ok",
  "timestamp": "2026-02-09T20:17:52+0000",
  "warmup": 10
}