{
  "fio version" : "fio-3.36",
  "timestamp" : 1770524754,
  "timestamp_ms" : 1770524754045,
  "time" : "Sun Feb  8 04:25:54 2026",
  "jobs" : [
    {
      "jobname" : "randread4k",
      "groupid" : 0,
      "job_start" : 1770524723976,
      "error" : 0,
      "eta" : 0,
      "elapsed" : 31,
      "job options" : {
        "name" : "randread4k",
        "filename" : "/dev/nvme0n1",
        "direct" : "1",
        "ioengine" : "libaio",
        "rw" : "randread",
        "bs" : "4k",
        "iodepth" : "128",
        "numjobs" : "4",
        "runtime" : "30",
        "randrepeat" : "0"
      },
      "read" : {
        "io_bytes" : 106253369344,
        "io_kbytes" : 103763056,
        "bw_bytes" : 3541660922,
        "bw" : 3458653,
        "iops" : 864663.311223,
        "runtime" : 30001,
        "total_ios" : 25940764,
        "short_ios" : 0,
        "drop_ios" : 0,
        "slat_ns" : {
          "min" : 1216,
          "max" : 457315,
          "mean" : 1718.183016,
          "stddev" : 1127.046826,
          "N" : 25940764
        },
        "clat_ns" : {
          "min" : 19712,
          "max" : 1173129,
          "mean" : 589965.876632,
          "stddev" : 13003.627366,
          "N" : 25940764,
          "percentile" : {
            "1.000000" : 577536,
            "5.000000" : 577536,
            "10.000000" : 577536,
            "20.000000" : 585728,
            "30.000000" : 585728,
            "40.000000" : 585728,
            "50.000000" : 593920,
            "60.000000" : 593920,
            "70.000000" : 593920,
            "80.000000" : 593920,
            "90.000000" : 602112,
            "95.000000" : 602112,
            "99.000000" : 602112,
            "99.500000" : 610304,
            "99.900000" : 700416,
            "99.950000" : 724992,
            "99.990000" : 831488
          }
        },
        "lat_ns" : {
          "min" : 21377,
          "max" : 1174601,
          "mean" : 591684.059648,
          "stddev" : 12884.813329,
          "N" : 25940764
        },
        "bw_min" : 3444115,
        "bw_max" : 3472992,
        "bw_agg" : 100.000000,
        "bw_mean" : 3458962.847458,
        "bw_dev" : 1462.026434,
        "bw_samples" : 236,
        "iops_min" : 861028,
        "iops_max" : 868248,
        "iops_mean" : 864740.661017,
        "iops_stddev" : 365.528243,
        "iops_samples" : 236
      },
      "write" : {
        "io_bytes" : 0,
        "io_kbytes" : 0,
        "bw_bytes" : 0,
        "bw" : 0,
        "iops" : 0.000000,
        "runtime" : 0,
        "total_ios" : 0,
        "short_ios" : 0,
        "drop_ios" : 0,
        "slat_ns" : {
          "min" : 0,
          "max" : 0,
          "mean" : 0.000000,
          "stddev" : 0.000000,
          "N" : 0
        },
        "clat_ns" : {
          "min" : 0,
          "max" : 0,
          "mean" : 0.000000,
          "stddev" : 0.000000,
          "N" : 0
        },
        "lat_ns" : {
          "min" : 0,
          "max" : 0,
          "mean" : 0.000000,
          "stddev" : 0.000000,
          "N" : 0
        },
        "bw_min" : 0,
        "bw_max" : 0,
        "bw_agg" : 0.000000,
        "bw_mean" : 0.000000,
        "bw_dev" : 0.000000,
        "bw_samples" : 0,
        "iops_min" : 0,
        "iops_max" : 0,
        "iops_mean" : 0.000000,
        "iops_stddev" : 0.000000,
        "iops_samples" : 0
      },
      "trim" : {
        "io_bytes" : 0,
        "io_kbytes" : 0,
        "bw_bytes" : 0,
        "bw" : 0,
        "iops" : 0.000000,
        "runtime" : 0,
        "total_ios" : 0,
        "short_ios" : 0,
        "drop_ios" : 0,
        "slat_ns" : {
          "min" : 0,
          "max" : 0,
          "mean" : 0.000000,
          "stddev" : 0.000000,
          "N" : 0
        },
        "clat_ns" : {
          "min" : 0,
          "max" : 0,
          "mean" : 0.000000,
          "stddev" : 0.000000,
          "N" : 0
        },
        "lat_ns" : {
          "min" : 0,
          "max" : 0,
          "mean" : 0.000000,
          "stddev" : 0.000000,
          "N" : 0
        },
        "bw_min" : 0,
        "bw_max" : 0,
        "bw_agg" : 0.000000,
        "bw_mean" : 0.000000,
        "bw_dev" : 0.000000,
        "bw_samples" : 0,
        "iops_min" : 0,
        "iops_max" : 0,
        "iops_mean" : 0.000000,
        "iops_stddev" : 0.000000,
        "iops_samples" : 0
      },
      "sync" : {
        "total_ios" : 0,
        "lat_ns" : {
          "min" : 0,
          "max" : 0,
          "mean" : 0.000000,
          "stddev" : 0.000000,
          "N" : 0
        }
      },
      "job_runtime" : 120000,
      "usr_cpu" : 19.380833,
      "sys_cpu" : 49.870000,
      "ctx" : 3662588,
      "majf" : 0,
      "minf" : 80,
      "iodepth_level" : {
        "1" : 0.100000,
        "2" : 0.100000,
        "4" : 0.100000,
        "8" : 0.100000,
        "16" : 0.100000,
        "32" : 0.100000,
        ">=64" : 99.999029
      },
      "iodepth_submit" : {
        "0" : 0.000000,
        "4" : 100.000000,
        "8" : 0.000000,
        "16" : 0.000000,
        "32" : 0.000000,
        "64" : 0.000000,
        ">=64" : 0.000000
      },
      "iodepth_complete" : {
        "0" : 0.000000,
        "4" : 99.999985,
        "8" : 0.000000,
        "16" : 0.000000,
        "32" : 0.000000,
        "64" : 0.000000,
        ">=64" : 0.100000
      },
      "latency_ns" : {
        "2" : 0.000000,
        "4" : 0.000000,
        "10" : 0.000000,
        "20" : 0.000000,
        "50" : 0.000000,
        "100" : 0.000000,
        "250" : 0.000000,
        "500" : 0.000000,
        "750" : 0.000000,
        "1000" : 0.000000
      },
      "latency_us" : {
        "2" : 0.000000,
        "4" : 0.000000,
        "10" : 0.000000,
        "20" : 0.010000,
        "50" : 0.010000,
        "100" : 0.010000,
        "250" : 0.019841,
        "500" : 0.072870,
        "750" : 99.873539,
        "1000" : 0.023542
      },
      "latency_ms" : {
        "2" : 0.010000,
        "4" : 0.000000,
        "10" : 0.000000,
        "20" : 0.000000,
        "50" : 0.000000,
        "100" : 0.000000,
        "250" : 0.000000,
        "500" : 0.000000,
        "750" : 0.000000,
        "1000" : 0.000000,
        "2000" : 0.000000,
        ">=2000" : 0.000000
      },
      "latency_depth" : 128,
      "latency_target" : 0,
      "latency_percentile" : 100.000000,
      "latency_window" : 0
    }
  ],
  "disk_util" : [
    {
      "name" : "nvme0n1",
      "read_ios" : 25843587,
      "write_ios" : 0,
      "read_sectors" : 206748696,
      "write_sectors" : 0,
      "read_merges" : 0,
      "write_merges" : 0,
      "read_ticks" : 15043985,
      "write_ticks" : 0,
      "in_queue" : 15043985,
      "util" : 99.639928
    }
  ]
}
