{
  "fio version" : "fio-3.36",
  "timestamp" : 1770524893,
  "timestamp_ms" : 1770524893077,
  "time" : "Sun Feb  8 04:28:13 2026",
  "jobs" : [
    {
      "jobname" : "randread4k",
      "groupid" : 0,
      "job_start" : 1770524863036,
      "error" : 0,
      "eta" : 0,
      "elapsed" : 31,
      "job options" : {
        "name" : "randread4k",
        "filename" : "/dev/nvme0n1",
        "direct" : "1",
        "ioengine" : "libaio",
        "rw" : "randread",
        "bs" : "4k",
        "iodepth" : "128",
        "numjobs" : "4",
        "runtime" : "30",
        "randrepeat" : "0"
      },
      "read" : {
        "io_bytes" : 106305994752,
        "io_kbytes" : 103814448,
        "bw_bytes" : 3543415044,
        "bw" : 3460366,
        "iops" : 865091.563615,
        "runtime" : 30001,
        "total_ios" : 25953612,
        "short_ios" : 0,
        "drop_ios" : 0,
        "slat_ns" : {
          "min" : 1216,
          "max" : 385952,
          "mean" : 1896.356407,
          "stddev" : 1122.467838,
          "N" : 25953612
        },
        "clat_ns" : {
          "min" : 20832,
          "max" : 1475424,
          "mean" : 589518.212093,
          "stddev" : 66188.675300,
          "N" : 25953612,
          "percentile" : {
            "1.000000" : 436224,
            "5.000000" : 444416,
            "10.000000" : 577536,
            "20.000000" : 585728,
            "30.000000" : 585728,
            "40.000000" : 585728,
            "50.000000" : 585728,
            "60.000000" : 593920,
            "70.000000" : 593920,
            "80.000000" : 593920,
            "90.000000" : 602112,
            "95.000000" : 602112,
            "99.000000" : 888832,
            "99.500000" : 888832,
            "99.900000" : 897024,
            "99.950000" : 905216,
            "99.990000" : 1011712
          }
        },
        "lat_ns" : {
          "min" : 22528,
          "max" : 1477536,
          "mean" : 591414.568499,
          "stddev" : 66257.681078,
          "N" : 25953612
        },
        "bw_min" : 2879800,
        "bw_max" : 4040872,
        "bw_agg" : 100.000000,
        "bw_mean" : 3460829.915254,
        "bw_dev" : 69430.727325,
        "bw_samples" : 236,
        "iops_min" : 719950,
        "iops_max" : 1010218,
        "iops_mean" : 865207.440678,
        "iops_stddev" : 17357.671745,
        "iops_samples" : 236
      },
      "write" : {
        "io_bytes" : 0,
        "io_kbytes" : 0,
        "bw_bytes" : 0,
        "bw" : 0,
        "iops" : 0.000000,
        "runtime" : 0,
        "total_ios" : 0,
        "short_ios" : 0,
        "drop_ios" : 0,
        "slat_ns" : {
          "min" : 0,
          "max" : 0,
          "mean" : 0.000000,
          "stddev" : 0.000000,
          "N" : 0
        },
        "clat_ns" : {
          "min" : 0,
          "max" : 0,
          "mean" : 0.000000,
          "stddev" : 0.000000,
          "N" : 0
        },
        "lat_ns" : {
          "min" : 0,
          "max" : 0,
          "mean" : 0.000000,
          "stddev" : 0.000000,
          "N" : 0
        },
        "bw_min" : 0,
        "bw_max" : 0,
        "bw_agg" : 0.000000,
        "bw_mean" : 0.000000,
        "bw_dev" : 0.000000,
        "bw_samples" : 0,
        "iops_min" : 0,
        "iops_max" : 0,
        "iops_mean" : 0.000000,
        "iops_stddev" : 0.000000,
        "iops_samples" : 0
      },
      "trim" : {
        "io_bytes" : 0,
        "io_kbytes" : 0,
        "bw_bytes" : 0,
        "bw" : 0,
        "iops" : 0.000000,
        "runtime" : 0,
        "total_ios" : 0,
        "short_ios" : 0,
        "drop_ios" : 0,
        "slat_ns" : {
          "min" : 0,
          "max" : 0,
          "mean" : 0.000000,
          "stddev" : 0.000000,
          "N" : 0
        },
        "clat_ns" : {
          "min" : 0,
          "max" : 0,
          "mean" : 0.000000,
          "stddev" : 0.000000,
          "N" : 0
        },
        "lat_ns" : {
          "min" : 0,
          "max" : 0,
          "mean" : 0.000000,
          "stddev" : 0.000000,
          "N" : 0
        },
        "bw_min" : 0,
        "bw_max" : 0,
        "bw_agg" : 0.000000,
        "bw_mean" : 0.000000,
        "bw_dev" : 0.000000,
        "bw_samples" : 0,
        "iops_min" : 0,
        "iops_max" : 0,
        "iops_mean" : 0.000000,
        "iops_stddev" : 0.000000,
        "iops_samples" : 0
      },
      "sync" : {
        "total_ios" : 0,
        "lat_ns" : {
          "min" : 0,
          "max" : 0,
          "mean" : 0.000000,
          "stddev" : 0.000000,
          "N" : 0
        }
      },
      "job_runtime" : 120000,
      "usr_cpu" : 18.035000,
      "sys_cpu" : 54.065833,
      "ctx" : 3258957,
      "majf" : 0,
      "minf" : 71,
      "iodepth_level" : {
        "1" : 0.100000,
        "2" : 0.100000,
        "4" : 0.100000,
        "8" : 0.100000,
        "16" : 0.100000,
        "32" : 0.100000,
        ">=64" : 99.999029
      },
      "iodepth_submit" : {
        "0" : 0.000000,
        "4" : 100.000000,
        "8" : 0.000000,
        "16" : 0.000000,
        "32" : 0.000000,
        "64" : 0.000000,
        ">=64" : 0.000000
      },
      "iodepth_complete" : {
        "0" : 0.000000,
        "4" : 99.999985,
        "8" : 0.000000,
        "16" : 0.000000,
        "32" : 0.000000,
        "64" : 0.000000,
        ">=64" : 0.100000
      },
      "latency_ns" : {
        "2" : 0.000000,
        "4" : 0.000000,
        "10" : 0.000000,
        "20" : 0.000000,
        "50" : 0.000000,
        "100" : 0.000000,
        "250" : 0.000000,
        "500" : 0.000000,
        "750" : 0.000000,
        "1000" : 0.000000
      },
      "latency_us" : {
        "2" : 0.000000,
        "4" : 0.000000,
        "10" : 0.000000,
        "20" : 0.000000,
        "50" : 0.010000,
        "100" : 0.010000,
        "250" : 0.010000,
        "500" : 6.524818,
        "750" : 90.200035,
        "1000" : 3.253320
      },
      "latency_ms" : {
        "2" : 0.011108,
        "4" : 0.000000,
        "10" : 0.000000,
        "20" : 0.000000,
        "50" : 0.000000,
        "100" : 0.000000,
        "250" : 0.000000,
        "500" : 0.000000,
        "750" : 0.000000,
        "1000" : 0.000000,
        "2000" : 0.000000,
        ">=2000" : 0.000000
      },
      "latency_depth" : 128,
      "latency_target" : 0,
      "latency_percentile" : 100.000000,
      "latency_window" : 0
    }
  ],
  "disk_util" : [
    {
      "name" : "nvme0n1",
      "read_ios" : 25856961,
      "write_ios" : 0,
      "read_sectors" : 206855688,
      "write_sectors" : 0,
      "read_merges" : 0,
      "write_merges" : 0,
      "read_ticks" : 15023869,
      "write_ticks" : 0,
      "in_queue" : 15023870,
      "util" : 99.646596
    }
  ]
}
