{
  "correctness": {
    "max_abs_diff": 43.9713134765625,
    "max_rel_diff_vs_fp32_ref": 0.126015464499083
  },
  "device": {
    "capability": "10.0",
    "name": "NVIDIA GB200",
    "use_ue8m0": true
  },
  "iters": 30,
  "quantization": {
    "gran_k_a": 128,
    "gran_k_b": 32,
    "recipe_a": [
      1,
      128
    ],
    "recipe_b": [
      1,
      32
    ]
  },
  "results": {
    "deepgemm_fp8_fp4": {
      "avg_ms": 0.0602677334100008,
      "avg_tflops": 2280.473243236213,
      "p50_ms": 0.06038400158286095,
      "p50_tflops": 2276.082238163724,
      "p99_ms": 0.06294400244951248,
      "p99_tflops": 2183.511504249195
    },
    "deepgemm_over_torch_bf16_speedup": 1.6579175631131664,
    "torch_bf16_baseline": {
      "avg_ms": 0.09991893370946249,
      "avg_tflops": 1375.5046052796727,
      "p50_ms": 0.09974399954080582,
      "p50_tflops": 1377.9170085893034,
      "p99_ms": 0.10390400141477585,
      "p99_tflops": 1322.7493802029385
    }
  },
  "seed": 0,
  "shape": {
    "k": 4096,
    "m": 4096,
    "n": 4096
  },
  "status": "ok",
  "timestamp": "2026-02-08T21:27:35+0000",
  "warmup": 10
}