{
  "fio version" : "fio-3.36",
  "timestamp" : 1770618990,
  "timestamp_ms" : 1770618990579,
  "time" : "Mon Feb  9 06:36:30 2026",
  "jobs" : [
    {
      "jobname" : "randread4k",
      "groupid" : 0,
      "job_start" : 1770618960526,
      "error" : 0,
      "eta" : 0,
      "elapsed" : 31,
      "job options" : {
        "name" : "randread4k",
        "filename" : "/dev/nvme0n1p1",
        "ioengine" : "libaio",
        "direct" : "1",
        "rw" : "randread",
        "bs" : "4k",
        "iodepth" : "128",
        "numjobs" : "4",
        "runtime" : "30",
        "time_based" : "1",
        "group_reporting" : "1"
      },
      "read" : {
        "io_bytes" : 106277220352,
        "io_kbytes" : 103786348,
        "bw_bytes" : 3542455929,
        "bw" : 3459429,
        "iops" : 864857.404753,
        "runtime" : 30001,
        "total_ios" : 25946587,
        "short_ios" : 0,
        "drop_ios" : 0,
        "slat_ns" : {
          "min" : 992,
          "max" : 992873,
          "mean" : 1754.086883,
          "stddev" : 1127.808160,
          "N" : 25946587
        },
        "clat_ns" : {
          "min" : 18113,
          "max" : 3621984,
          "mean" : 589783.287214,
          "stddev" : 19439.381622,
          "N" : 25946587,
          "percentile" : {
            "1.000000" : 569344,
            "5.000000" : 577536,
            "10.000000" : 577536,
            "20.000000" : 585728,
            "30.000000" : 585728,
            "40.000000" : 585728,
            "50.000000" : 593920,
            "60.000000" : 593920,
            "70.000000" : 593920,
            "80.000000" : 593920,
            "90.000000" : 602112,
            "95.000000" : 602112,
            "99.000000" : 610304,
            "99.500000" : 610304,
            "99.900000" : 708608,
            "99.950000" : 733184,
            "99.990000" : 1318912
          }
        },
        "lat_ns" : {
          "min" : 20737,
          "max" : 3623072,
          "mean" : 591537.374097,
          "stddev" : 19379.141485,
          "N" : 25946587
        },
        "bw_min" : 3419224,
        "bw_max" : 3529632,
        "bw_agg" : 100.000000,
        "bw_mean" : 3460630.779661,
        "bw_dev" : 5440.601148,
        "bw_samples" : 236,
        "iops_min" : 854806,
        "iops_max" : 882410,
        "iops_mean" : 865157.694915,
        "iops_stddev" : 1360.162251,
        "iops_samples" : 236
      },
      "write" : {
        "io_bytes" : 0,
        "io_kbytes" : 0,
        "bw_bytes" : 0,
        "bw" : 0,
        "iops" : 0.000000,
        "runtime" : 0,
        "total_ios" : 0,
        "short_ios" : 0,
        "drop_ios" : 0,
        "slat_ns" : {
          "min" : 0,
          "max" : 0,
          "mean" : 0.000000,
          "stddev" : 0.000000,
          "N" : 0
        },
        "clat_ns" : {
          "min" : 0,
          "max" : 0,
          "mean" : 0.000000,
          "stddev" : 0.000000,
          "N" : 0
        },
        "lat_ns" : {
          "min" : 0,
          "max" : 0,
          "mean" : 0.000000,
          "stddev" : 0.000000,
          "N" : 0
        },
        "bw_min" : 0,
        "bw_max" : 0,
        "bw_agg" : 0.000000,
        "bw_mean" : 0.000000,
        "bw_dev" : 0.000000,
        "bw_samples" : 0,
        "iops_min" : 0,
        "iops_max" : 0,
        "iops_mean" : 0.000000,
        "iops_stddev" : 0.000000,
        "iops_samples" : 0
      },
      "trim" : {
        "io_bytes" : 0,
        "io_kbytes" : 0,
        "bw_bytes" : 0,
        "bw" : 0,
        "iops" : 0.000000,
        "runtime" : 0,
        "total_ios" : 0,
        "short_ios" : 0,
        "drop_ios" : 0,
        "slat_ns" : {
          "min" : 0,
          "max" : 0,
          "mean" : 0.000000,
          "stddev" : 0.000000,
          "N" : 0
        },
        "clat_ns" : {
          "min" : 0,
          "max" : 0,
          "mean" : 0.000000,
          "stddev" : 0.000000,
          "N" : 0
        },
        "lat_ns" : {
          "min" : 0,
          "max" : 0,
          "mean" : 0.000000,
          "stddev" : 0.000000,
          "N" : 0
        },
        "bw_min" : 0,
        "bw_max" : 0,
        "bw_agg" : 0.000000,
        "bw_mean" : 0.000000,
        "bw_dev" : 0.000000,
        "bw_samples" : 0,
        "iops_min" : 0,
        "iops_max" : 0,
        "iops_mean" : 0.000000,
        "iops_stddev" : 0.000000,
        "iops_samples" : 0
      },
      "sync" : {
        "total_ios" : 0,
        "lat_ns" : {
          "min" : 0,
          "max" : 0,
          "mean" : 0.000000,
          "stddev" : 0.000000,
          "N" : 0
        }
      },
      "job_runtime" : 120000,
      "usr_cpu" : 19.955833,
      "sys_cpu" : 50.117500,
      "ctx" : 3470138,
      "majf" : 0,
      "minf" : 6941,
      "iodepth_level" : {
        "1" : 0.100000,
        "2" : 0.100000,
        "4" : 0.100000,
        "8" : 0.100000,
        "16" : 0.100000,
        "32" : 0.100000,
        ">=64" : 99.999029
      },
      "iodepth_submit" : {
        "0" : 0.000000,
        "4" : 100.000000,
        "8" : 0.000000,
        "16" : 0.000000,
        "32" : 0.000000,
        "64" : 0.000000,
        ">=64" : 0.000000
      },
      "iodepth_complete" : {
        "0" : 0.000000,
        "4" : 99.999985,
        "8" : 0.000000,
        "16" : 0.000000,
        "32" : 0.000000,
        "64" : 0.000000,
        ">=64" : 0.100000
      },
      "latency_ns" : {
        "2" : 0.000000,
        "4" : 0.000000,
        "10" : 0.000000,
        "20" : 0.000000,
        "50" : 0.000000,
        "100" : 0.000000,
        "250" : 0.000000,
        "500" : 0.000000,
        "750" : 0.000000,
        "1000" : 0.000000
      },
      "latency_us" : {
        "2" : 0.000000,
        "4" : 0.000000,
        "10" : 0.000000,
        "20" : 0.010000,
        "50" : 0.010000,
        "100" : 0.010000,
        "250" : 0.018407,
        "500" : 0.096830,
        "750" : 99.831777,
        "1000" : 0.026767
      },
      "latency_ms" : {
        "2" : 0.015725,
        "4" : 0.010000,
        "10" : 0.000000,
        "20" : 0.000000,
        "50" : 0.000000,
        "100" : 0.000000,
        "250" : 0.000000,
        "500" : 0.000000,
        "750" : 0.000000,
        "1000" : 0.000000,
        "2000" : 0.000000,
        ">=2000" : 0.000000
      },
      "latency_depth" : 128,
      "latency_target" : 0,
      "latency_percentile" : 100.000000,
      "latency_window" : 0
    }
  ],
  "disk_util" : [
    {
      "name" : "nvme0n1",
      "read_ios" : 25850308,
      "write_ios" : 0,
      "read_sectors" : 206802464,
      "write_sectors" : 0,
      "read_merges" : 0,
      "write_merges" : 0,
      "read_ticks" : 15006318,
      "write_ticks" : 0,
      "in_queue" : 15006318,
      "util" : 85.681417
    }
  ]
}
