{
  "correctness": {
    "max_abs_diff": 43.971099853515625,
    "max_rel_diff_vs_fp32_ref": 0.12601390447590768
  },
  "device": {
    "capability": "10.0",
    "name": "NVIDIA GB200",
    "use_ue8m0": true
  },
  "iters": 30,
  "quantization": {
    "gran_k_a": 128,
    "gran_k_b": 32,
    "recipe_a": [
      1,
      128
    ],
    "recipe_b": [
      1,
      32
    ]
  },
  "results": {
    "deepgemm_fp8_fp4": {
      "avg_ms": 0.09358613317211469,
      "avg_tflops": 1468.5824578224147,
      "p50_ms": 0.09046400338411331,
      "p50_tflops": 1519.2667617022146,
      "p99_ms": 0.11427199840545654,
      "p99_tflops": 1202.7351878834145
    },
    "deepgemm_over_torch_bf16_speedup": 1.2710487047861643,
    "torch_bf16_baseline": {
      "avg_ms": 0.11895253335436186,
      "avg_tflops": 1155.4100580823003,
      "p50_ms": 0.11753600090742111,
      "p50_tflops": 1169.3349476834399,
      "p99_ms": 0.13385599851608276,
      "p99_tflops": 1026.7672349064487
    }
  },
  "seed": 0,
  "shape": {
    "k": 4096,
    "m": 4096,
    "n": 4096
  },
  "status": "ok",
  "timestamp": "2026-02-10T00:08:45+0000",
  "warmup": 10
}