{
  "correctness": {
    "max_abs_diff": 43.9713134765625,
    "max_rel_diff_vs_fp32_ref": 0.126015464499083
  },
  "device": {
    "capability": "10.0",
    "name": "NVIDIA GB200",
    "use_ue8m0": true
  },
  "iters": 30,
  "quantization": {
    "gran_k_a": 128,
    "gran_k_b": 32,
    "recipe_a": [
      1,
      128
    ],
    "recipe_b": [
      1,
      32
    ]
  },
  "results": {
    "deepgemm_fp8_fp4": {
      "avg_ms": 0.09190506661931673,
      "avg_tflops": 1495.444794586688,
      "p50_ms": 0.08979199826717377,
      "p50_tflops": 1530.6369846347995,
      "p99_ms": 0.10655999928712845,
      "p99_tflops": 1289.779977397217
    },
    "deepgemm_over_torch_bf16_speedup": 1.3232320884074285,
    "torch_bf16_baseline": {
      "avg_ms": 0.12161173323790232,
      "avg_tflops": 1130.1455033383643,
      "p50_ms": 0.12041600048542023,
      "p50_tflops": 1141.367865715162,
      "p99_ms": 0.13257600367069244,
      "p99_tflops": 1036.6804675557028
    }
  },
  "seed": 0,
  "shape": {
    "k": 4096,
    "m": 4096,
    "n": 4096
  },
  "status": "ok",
  "timestamp": "2026-02-09T03:13:35+0000",
  "warmup": 10
}