{
  "fio version" : "fio-3.36",
  "timestamp" : 1770619053,
  "timestamp_ms" : 1770619053312,
  "time" : "Mon Feb  9 06:37:33 2026",
  "jobs" : [
    {
      "jobname" : "randread4k",
      "groupid" : 0,
      "job_start" : 1770619023252,
      "error" : 0,
      "eta" : 0,
      "elapsed" : 31,
      "job options" : {
        "name" : "randread4k",
        "filename" : "/dev/nvme0n1p1",
        "ioengine" : "libaio",
        "direct" : "1",
        "rw" : "randread",
        "bs" : "4k",
        "iodepth" : "128",
        "numjobs" : "4",
        "runtime" : "30",
        "time_based" : "1",
        "group_reporting" : "1"
      },
      "read" : {
        "io_bytes" : 106250977280,
        "io_kbytes" : 103760720,
        "bw_bytes" : 3541581189,
        "bw" : 3458575,
        "iops" : 864643.845205,
        "runtime" : 30001,
        "total_ios" : 25940180,
        "short_ios" : 0,
        "drop_ios" : 0,
        "slat_ns" : {
          "min" : 1184,
          "max" : 3017036,
          "mean" : 1876.666756,
          "stddev" : 1345.880015,
          "N" : 25940180
        },
        "clat_ns" : {
          "min" : 17440,
          "max" : 4235408,
          "mean" : 589841.623109,
          "stddev" : 89943.577223,
          "N" : 25940180,
          "percentile" : {
            "1.000000" : 432128,
            "5.000000" : 440320,
            "10.000000" : 448512,
            "20.000000" : 577536,
            "30.000000" : 585728,
            "40.000000" : 585728,
            "50.000000" : 585728,
            "60.000000" : 593920,
            "70.000000" : 593920,
            "80.000000" : 593920,
            "90.000000" : 602112,
            "95.000000" : 880640,
            "99.000000" : 897024,
            "99.500000" : 897024,
            "99.900000" : 978944,
            "99.950000" : 1003520,
            "99.990000" : 1089536
          }
        },
        "lat_ns" : {
          "min" : 20608,
          "max" : 4242320,
          "mean" : 591718.289865,
          "stddev" : 90062.142643,
          "N" : 25940180
        },
        "bw_min" : 2299368,
        "bw_max" : 4614944,
        "bw_agg" : 100.000000,
        "bw_mean" : 3459540.355932,
        "bw_dev" : 108680.406697,
        "bw_samples" : 236,
        "iops_min" : 574842,
        "iops_max" : 1153736,
        "iops_mean" : 864885.084746,
        "iops_stddev" : 27170.099748,
        "iops_samples" : 236
      },
      "write" : {
        "io_bytes" : 0,
        "io_kbytes" : 0,
        "bw_bytes" : 0,
        "bw" : 0,
        "iops" : 0.000000,
        "runtime" : 0,
        "total_ios" : 0,
        "short_ios" : 0,
        "drop_ios" : 0,
        "slat_ns" : {
          "min" : 0,
          "max" : 0,
          "mean" : 0.000000,
          "stddev" : 0.000000,
          "N" : 0
        },
        "clat_ns" : {
          "min" : 0,
          "max" : 0,
          "mean" : 0.000000,
          "stddev" : 0.000000,
          "N" : 0
        },
        "lat_ns" : {
          "min" : 0,
          "max" : 0,
          "mean" : 0.000000,
          "stddev" : 0.000000,
          "N" : 0
        },
        "bw_min" : 0,
        "bw_max" : 0,
        "bw_agg" : 0.000000,
        "bw_mean" : 0.000000,
        "bw_dev" : 0.000000,
        "bw_samples" : 0,
        "iops_min" : 0,
        "iops_max" : 0,
        "iops_mean" : 0.000000,
        "iops_stddev" : 0.000000,
        "iops_samples" : 0
      },
      "trim" : {
        "io_bytes" : 0,
        "io_kbytes" : 0,
        "bw_bytes" : 0,
        "bw" : 0,
        "iops" : 0.000000,
        "runtime" : 0,
        "total_ios" : 0,
        "short_ios" : 0,
        "drop_ios" : 0,
        "slat_ns" : {
          "min" : 0,
          "max" : 0,
          "mean" : 0.000000,
          "stddev" : 0.000000,
          "N" : 0
        },
        "clat_ns" : {
          "min" : 0,
          "max" : 0,
          "mean" : 0.000000,
          "stddev" : 0.000000,
          "N" : 0
        },
        "lat_ns" : {
          "min" : 0,
          "max" : 0,
          "mean" : 0.000000,
          "stddev" : 0.000000,
          "N" : 0
        },
        "bw_min" : 0,
        "bw_max" : 0,
        "bw_agg" : 0.000000,
        "bw_mean" : 0.000000,
        "bw_dev" : 0.000000,
        "bw_samples" : 0,
        "iops_min" : 0,
        "iops_max" : 0,
        "iops_mean" : 0.000000,
        "iops_stddev" : 0.000000,
        "iops_samples" : 0
      },
      "sync" : {
        "total_ios" : 0,
        "lat_ns" : {
          "min" : 0,
          "max" : 0,
          "mean" : 0.000000,
          "stddev" : 0.000000,
          "N" : 0
        }
      },
      "job_runtime" : 120000,
      "usr_cpu" : 17.680000,
      "sys_cpu" : 53.289167,
      "ctx" : 3454138,
      "majf" : 0,
      "minf" : 71,
      "iodepth_level" : {
        "1" : 0.100000,
        "2" : 0.100000,
        "4" : 0.100000,
        "8" : 0.100000,
        "16" : 0.100000,
        "32" : 0.100000,
        ">=64" : 99.999029
      },
      "iodepth_submit" : {
        "0" : 0.000000,
        "4" : 100.000000,
        "8" : 0.000000,
        "16" : 0.000000,
        "32" : 0.000000,
        "64" : 0.000000,
        ">=64" : 0.000000
      },
      "iodepth_complete" : {
        "0" : 0.000000,
        "4" : 99.999985,
        "8" : 0.000000,
        "16" : 0.000000,
        "32" : 0.000000,
        "64" : 0.000000,
        ">=64" : 0.100000
      },
      "latency_ns" : {
        "2" : 0.000000,
        "4" : 0.000000,
        "10" : 0.000000,
        "20" : 0.000000,
        "50" : 0.000000,
        "100" : 0.000000,
        "250" : 0.000000,
        "500" : 0.000000,
        "750" : 0.000000,
        "1000" : 0.000000
      },
      "latency_us" : {
        "2" : 0.000000,
        "4" : 0.000000,
        "10" : 0.000000,
        "20" : 0.010000,
        "50" : 0.010000,
        "100" : 0.010000,
        "250" : 0.010000,
        "500" : 11.747964,
        "750" : 82.378314,
        "1000" : 5.801860
      },
      "latency_ms" : {
        "2" : 0.059549,
        "4" : 0.010000,
        "10" : 0.010000,
        "20" : 0.000000,
        "50" : 0.000000,
        "100" : 0.000000,
        "250" : 0.000000,
        "500" : 0.000000,
        "750" : 0.000000,
        "1000" : 0.000000,
        "2000" : 0.000000,
        ">=2000" : 0.000000
      },
      "latency_depth" : 128,
      "latency_target" : 0,
      "latency_percentile" : 100.000000,
      "latency_window" : 0
    }
  ],
  "disk_util" : [
    {
      "name" : "nvme0n1",
      "read_ios" : 25843562,
      "write_ios" : 0,
      "read_sectors" : 206748496,
      "write_sectors" : 0,
      "read_merges" : 0,
      "write_merges" : 0,
      "read_ticks" : 15003496,
      "write_ticks" : 0,
      "in_queue" : 15003495,
      "util" : 85.274110
    }
  ]
}
