{
  "fio version" : "fio-3.36",
  "timestamp" : 1770619022,
  "timestamp_ms" : 1770619022024,
  "time" : "Mon Feb  9 06:37:02 2026",
  "jobs" : [
    {
      "jobname" : "seqread",
      "groupid" : 0,
      "job_start" : 1770618991980,
      "error" : 0,
      "eta" : 0,
      "elapsed" : 31,
      "job options" : {
        "name" : "seqread",
        "filename" : "/dev/nvme0n1p1",
        "ioengine" : "libaio",
        "direct" : "1",
        "rw" : "read",
        "bs" : "1M",
        "iodepth" : "32",
        "numjobs" : "1",
        "runtime" : "30",
        "time_based" : "1",
        "group_reporting" : "1"
      },
      "read" : {
        "io_bytes" : 213591785472,
        "io_kbytes" : 208585728,
        "bw_bytes" : 7118539759,
        "bw" : 6951698,
        "iops" : 6788.768539,
        "runtime" : 30005,
        "total_ios" : 203697,
        "short_ios" : 0,
        "drop_ios" : 0,
        "slat_ns" : {
          "min" : 3008,
          "max" : 121217,
          "mean" : 3845.925546,
          "stddev" : 1114.784759,
          "N" : 203697
        },
        "clat_ns" : {
          "min" : 1269637,
          "max" : 8843969,
          "mean" : 4709374.550916,
          "stddev" : 50548.292360,
          "N" : 203697,
          "percentile" : {
            "1.000000" : 4685824,
            "5.000000" : 4685824,
            "10.000000" : 4685824,
            "20.000000" : 4685824,
            "30.000000" : 4685824,
            "40.000000" : 4685824,
            "50.000000" : 4685824,
            "60.000000" : 4685824,
            "70.000000" : 4685824,
            "80.000000" : 4685824,
            "90.000000" : 4751360,
            "95.000000" : 4751360,
            "99.000000" : 4816896,
            "99.500000" : 4816896,
            "99.900000" : 4816896,
            "99.950000" : 4882432,
            "99.990000" : 5931008
          }
        },
        "lat_ns" : {
          "min" : 1318693,
          "max" : 8847713,
          "mean" : 4713220.476463,
          "stddev" : 50171.028612,
          "N" : 203697
        },
        "bw_min" : 6832128,
        "bw_max" : 6971392,
        "bw_agg" : 100.000000,
        "bw_mean" : 6951799.466667,
        "bw_dev" : 33270.435062,
        "bw_samples" : 60,
        "iops_min" : 6672,
        "iops_max" : 6808,
        "iops_mean" : 6788.866667,
        "iops_stddev" : 32.490659,
        "iops_samples" : 60
      },
      "write" : {
        "io_bytes" : 0,
        "io_kbytes" : 0,
        "bw_bytes" : 0,
        "bw" : 0,
        "iops" : 0.000000,
        "runtime" : 0,
        "total_ios" : 0,
        "short_ios" : 0,
        "drop_ios" : 0,
        "slat_ns" : {
          "min" : 0,
          "max" : 0,
          "mean" : 0.000000,
          "stddev" : 0.000000,
          "N" : 0
        },
        "clat_ns" : {
          "min" : 0,
          "max" : 0,
          "mean" : 0.000000,
          "stddev" : 0.000000,
          "N" : 0
        },
        "lat_ns" : {
          "min" : 0,
          "max" : 0,
          "mean" : 0.000000,
          "stddev" : 0.000000,
          "N" : 0
        },
        "bw_min" : 0,
        "bw_max" : 0,
        "bw_agg" : 0.000000,
        "bw_mean" : 0.000000,
        "bw_dev" : 0.000000,
        "bw_samples" : 0,
        "iops_min" : 0,
        "iops_max" : 0,
        "iops_mean" : 0.000000,
        "iops_stddev" : 0.000000,
        "iops_samples" : 0
      },
      "trim" : {
        "io_bytes" : 0,
        "io_kbytes" : 0,
        "bw_bytes" : 0,
        "bw" : 0,
        "iops" : 0.000000,
        "runtime" : 0,
        "total_ios" : 0,
        "short_ios" : 0,
        "drop_ios" : 0,
        "slat_ns" : {
          "min" : 0,
          "max" : 0,
          "mean" : 0.000000,
          "stddev" : 0.000000,
          "N" : 0
        },
        "clat_ns" : {
          "min" : 0,
          "max" : 0,
          "mean" : 0.000000,
          "stddev" : 0.000000,
          "N" : 0
        },
        "lat_ns" : {
          "min" : 0,
          "max" : 0,
          "mean" : 0.000000,
          "stddev" : 0.000000,
          "N" : 0
        },
        "bw_min" : 0,
        "bw_max" : 0,
        "bw_agg" : 0.000000,
        "bw_mean" : 0.000000,
        "bw_dev" : 0.000000,
        "bw_samples" : 0,
        "iops_min" : 0,
        "iops_max" : 0,
        "iops_mean" : 0.000000,
        "iops_stddev" : 0.000000,
        "iops_samples" : 0
      },
      "sync" : {
        "total_ios" : 0,
        "lat_ns" : {
          "min" : 0,
          "max" : 0,
          "mean" : 0.000000,
          "stddev" : 0.000000,
          "N" : 0
        }
      },
      "job_runtime" : 30004,
      "usr_cpu" : 0.589921,
      "sys_cpu" : 5.215971,
      "ctx" : 203660,
      "majf" : 0,
      "minf" : 520,
      "iodepth_level" : {
        "1" : 0.100000,
        "2" : 0.100000,
        "4" : 0.100000,
        "8" : 0.100000,
        "16" : 0.100000,
        "32" : 99.984781,
        ">=64" : 0.000000
      },
      "iodepth_submit" : {
        "0" : 0.000000,
        "4" : 100.000000,
        "8" : 0.000000,
        "16" : 0.000000,
        "32" : 0.000000,
        "64" : 0.000000,
        ">=64" : 0.000000
      },
      "iodepth_complete" : {
        "0" : 0.000000,
        "4" : 99.999509,
        "8" : 0.000000,
        "16" : 0.000000,
        "32" : 0.100000,
        "64" : 0.000000,
        ">=64" : 0.000000
      },
      "latency_ns" : {
        "2" : 0.000000,
        "4" : 0.000000,
        "10" : 0.000000,
        "20" : 0.000000,
        "50" : 0.000000,
        "100" : 0.000000,
        "250" : 0.000000,
        "500" : 0.000000,
        "750" : 0.000000,
        "1000" : 0.000000
      },
      "latency_us" : {
        "2" : 0.000000,
        "4" : 0.000000,
        "10" : 0.000000,
        "20" : 0.000000,
        "50" : 0.000000,
        "100" : 0.000000,
        "250" : 0.000000,
        "500" : 0.000000,
        "750" : 0.000000,
        "1000" : 0.000000
      },
      "latency_ms" : {
        "2" : 0.010000,
        "4" : 0.010000,
        "10" : 99.983309,
        "20" : 0.000000,
        "50" : 0.000000,
        "100" : 0.000000,
        "250" : 0.000000,
        "500" : 0.000000,
        "750" : 0.000000,
        "1000" : 0.000000,
        "2000" : 0.000000,
        ">=2000" : 0.000000
      },
      "latency_depth" : 32,
      "latency_target" : 0,
      "latency_percentile" : 100.000000,
      "latency_window" : 0
    }
  ],
  "disk_util" : [
    {
      "name" : "nvme0n1",
      "read_ios" : 202958,
      "write_ios" : 0,
      "read_sectors" : 415657984,
      "write_sectors" : 0,
      "read_merges" : 0,
      "write_merges" : 0,
      "read_ticks" : 955421,
      "write_ticks" : 0,
      "in_queue" : 955422,
      "util" : 94.968658
    }
  ]
}
