{
  "correctness": {
    "max_abs_diff": 43.9713134765625,
    "max_rel_diff_vs_fp32_ref": 0.126015464499083
  },
  "device": {
    "capability": "10.0",
    "name": "NVIDIA GB200",
    "use_ue8m0": true
  },
  "iters": 30,
  "quantization": {
    "gran_k_a": 128,
    "gran_k_b": 32,
    "recipe_a": [
      1,
      128
    ],
    "recipe_b": [
      1,
      32
    ]
  },
  "results": {
    "deepgemm_fp8_fp4": {
      "avg_ms": 0.08900586639841397,
      "avg_tflops": 1544.1561217637793,
      "p50_ms": 0.08777599781751633,
      "p50_tflops": 1565.791980601935,
      "p99_ms": 0.10041599720716476,
      "p99_tflops": 1368.6957984239748
    },
    "deepgemm_over_torch_bf16_speedup": 1.3493882102277426,
    "torch_bf16_baseline": {
      "avg_ms": 0.1201034667591254,
      "avg_tflops": 1144.337937785276,
      "p50_ms": 0.11791999638080597,
      "p50_tflops": 1165.5271174547895,
      "p99_ms": 0.13504000008106232,
      "p99_tflops": 1017.7647614743605
    }
  },
  "seed": 0,
  "shape": {
    "k": 4096,
    "m": 4096,
    "n": 4096
  },
  "status": "ok",
  "timestamp": "2026-02-09T03:13:06+0000",
  "warmup": 10
}