{
  "correctness": {
    "max_abs_diff": 43.9713134765625,
    "max_rel_diff_vs_fp32_ref": 0.126015464499083
  },
  "device": {
    "capability": "10.0",
    "name": "NVIDIA GB200",
    "use_ue8m0": true
  },
  "iters": 30,
  "quantization": {
    "gran_k_a": 128,
    "gran_k_b": 32,
    "recipe_a": [
      1,
      128
    ],
    "recipe_b": [
      1,
      32
    ]
  },
  "results": {
    "deepgemm_fp8_fp4": {
      "avg_ms": 0.08753920023639997,
      "avg_tflops": 1570.0275202520193,
      "p50_ms": 0.08656000345945358,
      "p50_tflops": 1587.788216024958,
      "p99_ms": 0.10047999769449234,
      "p99_tflops": 1367.8240110024756
    },
    "deepgemm_over_torch_bf16_speedup": 1.285580248287831,
    "torch_bf16_baseline": {
      "avg_ms": 0.11253866677482922,
      "avg_tflops": 1221.259833715571,
      "p50_ms": 0.11193600296974182,
      "p50_tflops": 1227.8351006436424,
      "p99_ms": 0.11974400281906128,
      "p99_tflops": 1147.773168061507
    }
  },
  "seed": 0,
  "shape": {
    "k": 4096,
    "m": 4096,
    "n": 4096
  },
  "status": "ok",
  "timestamp": "2026-02-08T21:01:11+0000",
  "warmup": 10
}