{
  "fio version" : "fio-3.36",
  "timestamp" : 1770513960,
  "timestamp_ms" : 1770513960671,
  "time" : "Sun Feb  8 01:26:00 2026",
  "jobs" : [
    {
      "jobname" : "seq-write",
      "groupid" : 0,
      "job_start" : 1770513930615,
      "error" : 0,
      "eta" : 0,
      "elapsed" : 31,
      "job options" : {
        "name" : "seq-write",
        "directory" : "/tmp/cluster_perf_fio_2026-02-08_011938_cluster_perf_node1",
        "ioengine" : "libaio",
        "direct" : "1",
        "rw" : "write",
        "bs" : "1M",
        "size" : "1G",
        "numjobs" : "4",
        "runtime" : "30"
      },
      "read" : {
        "io_bytes" : 0,
        "io_kbytes" : 0,
        "bw_bytes" : 0,
        "bw" : 0,
        "iops" : 0.000000,
        "runtime" : 0,
        "total_ios" : 0,
        "short_ios" : 0,
        "drop_ios" : 0,
        "slat_ns" : {
          "min" : 0,
          "max" : 0,
          "mean" : 0.000000,
          "stddev" : 0.000000,
          "N" : 0
        },
        "clat_ns" : {
          "min" : 0,
          "max" : 0,
          "mean" : 0.000000,
          "stddev" : 0.000000,
          "N" : 0
        },
        "lat_ns" : {
          "min" : 0,
          "max" : 0,
          "mean" : 0.000000,
          "stddev" : 0.000000,
          "N" : 0
        },
        "bw_min" : 0,
        "bw_max" : 0,
        "bw_agg" : 0.000000,
        "bw_mean" : 0.000000,
        "bw_dev" : 0.000000,
        "bw_samples" : 0,
        "iops_min" : 0,
        "iops_max" : 0,
        "iops_mean" : 0.000000,
        "iops_stddev" : 0.000000,
        "iops_samples" : 0
      },
      "write" : {
        "io_bytes" : 22917677056,
        "io_kbytes" : 22380544,
        "bw_bytes" : 763795269,
        "bw" : 745893,
        "iops" : 728.411931,
        "runtime" : 30005,
        "total_ios" : 21856,
        "short_ios" : 0,
        "drop_ios" : 0,
        "slat_ns" : {
          "min" : 14944,
          "max" : 3057435,
          "mean" : 25921.937454,
          "stddev" : 23755.635430,
          "N" : 21856
        },
        "clat_ns" : {
          "min" : 2296500,
          "max" : 17760093,
          "mean" : 5464622.240849,
          "stddev" : 1266886.185242,
          "N" : 21856,
          "percentile" : {
            "1.000000" : 3063808,
            "5.000000" : 3751936,
            "10.000000" : 4177920,
            "20.000000" : 4620288,
            "30.000000" : 4816896,
            "40.000000" : 5079040,
            "50.000000" : 5275648,
            "60.000000" : 5472256,
            "70.000000" : 5799936,
            "80.000000" : 6258688,
            "90.000000" : 6914048,
            "95.000000" : 7569408,
            "99.000000" : 9764864,
            "99.500000" : 10813440,
            "99.900000" : 14090240,
            "99.950000" : 14876672,
            "99.990000" : 16318464
          }
        },
        "lat_ns" : {
          "min" : 2321781,
          "max" : 17785437,
          "mean" : 5490544.178303,
          "stddev" : 1267072.950817,
          "N" : 21856
        },
        "bw_min" : 690176,
        "bw_max" : 798720,
        "bw_agg" : 100.000000,
        "bw_mean" : 746443.932203,
        "bw_dev" : 5830.565314,
        "bw_samples" : 236,
        "iops_min" : 674,
        "iops_max" : 780,
        "iops_mean" : 728.949153,
        "iops_stddev" : 5.693911,
        "iops_samples" : 236
      },
      "trim" : {
        "io_bytes" : 0,
        "io_kbytes" : 0,
        "bw_bytes" : 0,
        "bw" : 0,
        "iops" : 0.000000,
        "runtime" : 0,
        "total_ios" : 0,
        "short_ios" : 0,
        "drop_ios" : 0,
        "slat_ns" : {
          "min" : 0,
          "max" : 0,
          "mean" : 0.000000,
          "stddev" : 0.000000,
          "N" : 0
        },
        "clat_ns" : {
          "min" : 0,
          "max" : 0,
          "mean" : 0.000000,
          "stddev" : 0.000000,
          "N" : 0
        },
        "lat_ns" : {
          "min" : 0,
          "max" : 0,
          "mean" : 0.000000,
          "stddev" : 0.000000,
          "N" : 0
        },
        "bw_min" : 0,
        "bw_max" : 0,
        "bw_agg" : 0.000000,
        "bw_mean" : 0.000000,
        "bw_dev" : 0.000000,
        "bw_samples" : 0,
        "iops_min" : 0,
        "iops_max" : 0,
        "iops_mean" : 0.000000,
        "iops_stddev" : 0.000000,
        "iops_samples" : 0
      },
      "sync" : {
        "total_ios" : 0,
        "lat_ns" : {
          "min" : 0,
          "max" : 0,
          "mean" : 0.000000,
          "stddev" : 0.000000,
          "N" : 0
        }
      },
      "job_runtime" : 120006,
      "usr_cpu" : 0.335817,
      "sys_cpu" : 0.164992,
      "ctx" : 21869,
      "majf" : 0,
      "minf" : 33,
      "iodepth_level" : {
        "1" : 100.000000,
        "2" : 0.000000,
        "4" : 0.000000,
        "8" : 0.000000,
        "16" : 0.000000,
        "32" : 0.000000,
        ">=64" : 0.000000
      },
      "iodepth_submit" : {
        "0" : 0.000000,
        "4" : 100.000000,
        "8" : 0.000000,
        "16" : 0.000000,
        "32" : 0.000000,
        "64" : 0.000000,
        ">=64" : 0.000000
      },
      "iodepth_complete" : {
        "0" : 0.000000,
        "4" : 100.000000,
        "8" : 0.000000,
        "16" : 0.000000,
        "32" : 0.000000,
        "64" : 0.000000,
        ">=64" : 0.000000
      },
      "latency_ns" : {
        "2" : 0.000000,
        "4" : 0.000000,
        "10" : 0.000000,
        "20" : 0.000000,
        "50" : 0.000000,
        "100" : 0.000000,
        "250" : 0.000000,
        "500" : 0.000000,
        "750" : 0.000000,
        "1000" : 0.000000
      },
      "latency_us" : {
        "2" : 0.000000,
        "4" : 0.000000,
        "10" : 0.000000,
        "20" : 0.000000,
        "50" : 0.000000,
        "100" : 0.000000,
        "250" : 0.000000,
        "500" : 0.000000,
        "750" : 0.000000,
        "1000" : 0.000000
      },
      "latency_ms" : {
        "2" : 0.000000,
        "4" : 7.750732,
        "10" : 91.361640,
        "20" : 0.887628,
        "50" : 0.000000,
        "100" : 0.000000,
        "250" : 0.000000,
        "500" : 0.000000,
        "750" : 0.000000,
        "1000" : 0.000000,
        "2000" : 0.000000,
        ">=2000" : 0.000000
      },
      "latency_depth" : 1,
      "latency_target" : 0,
      "latency_percentile" : 100.000000,
      "latency_window" : 0
    }
  ],
  "disk_util" : [
    {
      "name" : "nvme7n1",
      "read_ios" : 0,
      "write_ios" : 43521,
      "read_sectors" : 0,
      "write_sectors" : 44501960,
      "read_merges" : 0,
      "write_merges" : 87,
      "read_ticks" : 0,
      "write_ticks" : 216579,
      "in_queue" : 216586,
      "util" : 97.479694
    }
  ]
}
