{
  "fio version" : "fio-3.36",
  "timestamp" : 1770513997,
  "timestamp_ms" : 1770513997316,
  "time" : "Sun Feb  8 01:26:37 2026",
  "jobs" : [
    {
      "jobname" : "seq-read",
      "groupid" : 0,
      "job_start" : 1770513967268,
      "error" : 0,
      "eta" : 0,
      "elapsed" : 31,
      "job options" : {
        "name" : "seq-read",
        "directory" : "/tmp/cluster_perf_fio_2026-02-08_011938_cluster_perf_node1",
        "ioengine" : "libaio",
        "direct" : "1",
        "rw" : "read",
        "bs" : "1M",
        "size" : "1G",
        "numjobs" : "4",
        "runtime" : "30"
      },
      "read" : {
        "io_bytes" : 42694868992,
        "io_kbytes" : 41694208,
        "bw_bytes" : 1422972570,
        "bw" : 1389621,
        "iops" : 1357.052393,
        "runtime" : 30004,
        "total_ios" : 40717,
        "short_ios" : 0,
        "drop_ios" : 0,
        "slat_ns" : {
          "min" : 5088,
          "max" : 185313,
          "mean" : 7804.590589,
          "stddev" : 3285.212058,
          "N" : 40717
        },
        "clat_ns" : {
          "min" : 1526766,
          "max" : 21528510,
          "mean" : 2939128.302601,
          "stddev" : 1003667.983433,
          "N" : 40717,
          "percentile" : {
            "1.000000" : 2056192,
            "5.000000" : 2211840,
            "10.000000" : 2244608,
            "20.000000" : 2342912,
            "30.000000" : 2408448,
            "40.000000" : 2473984,
            "50.000000" : 2572288,
            "60.000000" : 2703360,
            "70.000000" : 2998272,
            "80.000000" : 3686400,
            "90.000000" : 4046848,
            "95.000000" : 4227072,
            "99.000000" : 6914048,
            "99.500000" : 8159232,
            "99.900000" : 11730944,
            "99.950000" : 13172736,
            "99.990000" : 20054016
          }
        },
        "lat_ns" : {
          "min" : 1536654,
          "max" : 21534526,
          "mean" : 2946932.893190,
          "stddev" : 1003817.885545,
          "N" : 40717
        },
        "bw_min" : 538624,
        "bw_max" : 1605632,
        "bw_agg" : 99.909929,
        "bw_mean" : 1388370.440678,
        "bw_dev" : 39367.710817,
        "bw_samples" : 236,
        "iops_min" : 526,
        "iops_max" : 1568,
        "iops_mean" : 1355.830508,
        "iops_stddev" : 38.445030,
        "iops_samples" : 236
      },
      "write" : {
        "io_bytes" : 0,
        "io_kbytes" : 0,
        "bw_bytes" : 0,
        "bw" : 0,
        "iops" : 0.000000,
        "runtime" : 0,
        "total_ios" : 0,
        "short_ios" : 0,
        "drop_ios" : 0,
        "slat_ns" : {
          "min" : 0,
          "max" : 0,
          "mean" : 0.000000,
          "stddev" : 0.000000,
          "N" : 0
        },
        "clat_ns" : {
          "min" : 0,
          "max" : 0,
          "mean" : 0.000000,
          "stddev" : 0.000000,
          "N" : 0
        },
        "lat_ns" : {
          "min" : 0,
          "max" : 0,
          "mean" : 0.000000,
          "stddev" : 0.000000,
          "N" : 0
        },
        "bw_min" : 0,
        "bw_max" : 0,
        "bw_agg" : 0.000000,
        "bw_mean" : 0.000000,
        "bw_dev" : 0.000000,
        "bw_samples" : 0,
        "iops_min" : 0,
        "iops_max" : 0,
        "iops_mean" : 0.000000,
        "iops_stddev" : 0.000000,
        "iops_samples" : 0
      },
      "trim" : {
        "io_bytes" : 0,
        "io_kbytes" : 0,
        "bw_bytes" : 0,
        "bw" : 0,
        "iops" : 0.000000,
        "runtime" : 0,
        "total_ios" : 0,
        "short_ios" : 0,
        "drop_ios" : 0,
        "slat_ns" : {
          "min" : 0,
          "max" : 0,
          "mean" : 0.000000,
          "stddev" : 0.000000,
          "N" : 0
        },
        "clat_ns" : {
          "min" : 0,
          "max" : 0,
          "mean" : 0.000000,
          "stddev" : 0.000000,
          "N" : 0
        },
        "lat_ns" : {
          "min" : 0,
          "max" : 0,
          "mean" : 0.000000,
          "stddev" : 0.000000,
          "N" : 0
        },
        "bw_min" : 0,
        "bw_max" : 0,
        "bw_agg" : 0.000000,
        "bw_mean" : 0.000000,
        "bw_dev" : 0.000000,
        "bw_samples" : 0,
        "iops_min" : 0,
        "iops_max" : 0,
        "iops_mean" : 0.000000,
        "iops_stddev" : 0.000000,
        "iops_samples" : 0
      },
      "sync" : {
        "total_ios" : 0,
        "lat_ns" : {
          "min" : 0,
          "max" : 0,
          "mean" : 0.000000,
          "stddev" : 0.000000,
          "N" : 0
        }
      },
      "job_runtime" : 120006,
      "usr_cpu" : 0.073330,
      "sys_cpu" : 0.474976,
      "ctx" : 40721,
      "majf" : 0,
      "minf" : 95,
      "iodepth_level" : {
        "1" : 100.000000,
        "2" : 0.000000,
        "4" : 0.000000,
        "8" : 0.000000,
        "16" : 0.000000,
        "32" : 0.000000,
        ">=64" : 0.000000
      },
      "iodepth_submit" : {
        "0" : 0.000000,
        "4" : 100.000000,
        "8" : 0.000000,
        "16" : 0.000000,
        "32" : 0.000000,
        "64" : 0.000000,
        ">=64" : 0.000000
      },
      "iodepth_complete" : {
        "0" : 0.000000,
        "4" : 100.000000,
        "8" : 0.000000,
        "16" : 0.000000,
        "32" : 0.000000,
        "64" : 0.000000,
        ">=64" : 0.000000
      },
      "latency_ns" : {
        "2" : 0.000000,
        "4" : 0.000000,
        "10" : 0.000000,
        "20" : 0.000000,
        "50" : 0.000000,
        "100" : 0.000000,
        "250" : 0.000000,
        "500" : 0.000000,
        "750" : 0.000000,
        "1000" : 0.000000
      },
      "latency_us" : {
        "2" : 0.000000,
        "4" : 0.000000,
        "10" : 0.000000,
        "20" : 0.000000,
        "50" : 0.000000,
        "100" : 0.000000,
        "250" : 0.000000,
        "500" : 0.000000,
        "750" : 0.000000,
        "1000" : 0.000000
      },
      "latency_ms" : {
        "2" : 0.618906,
        "4" : 87.344352,
        "10" : 11.771496,
        "20" : 0.252966,
        "50" : 0.012280,
        "100" : 0.000000,
        "250" : 0.000000,
        "500" : 0.000000,
        "750" : 0.000000,
        "1000" : 0.000000,
        "2000" : 0.000000,
        ">=2000" : 0.000000
      },
      "latency_depth" : 1,
      "latency_target" : 0,
      "latency_percentile" : 100.000000,
      "latency_window" : 0
    }
  ],
  "disk_util" : [
    {
      "name" : "nvme7n1",
      "read_ios" : 81001,
      "write_ios" : 115,
      "read_sectors" : 82945024,
      "write_sectors" : 15536,
      "read_merges" : 0,
      "write_merges" : 98,
      "read_ticks" : 224424,
      "write_ticks" : 581,
      "in_queue" : 225013,
      "util" : 98.263541
    }
  ]
}
