{
  "correctness": {
    "max_abs_diff": 43.971099853515625,
    "max_rel_diff_vs_fp32_ref": 0.12601390447590768
  },
  "device": {
    "capability": "10.0",
    "name": "NVIDIA GB200",
    "use_ue8m0": true
  },
  "iters": 30,
  "quantization": {
    "gran_k_a": 128,
    "gran_k_b": 32,
    "recipe_a": [
      1,
      128
    ],
    "recipe_b": [
      1,
      32
    ]
  },
  "results": {
    "deepgemm_fp8_fp4": {
      "avg_ms": 0.09113280003269514,
      "avg_tflops": 1508.1173125668463,
      "p50_ms": 0.08844800293445587,
      "p50_tflops": 1553.8954969265808,
      "p99_ms": 0.10815999656915665,
      "p99_tflops": 1270.700423738666
    },
    "deepgemm_over_torch_bf16_speedup": 1.3525872868898354,
    "torch_bf16_baseline": {
      "avg_ms": 0.12326506674289703,
      "avg_tflops": 1114.9870527281382,
      "p50_ms": 0.12323199957609177,
      "p50_tflops": 1115.2862401387547,
      "p99_ms": 0.12915199995040894,
      "p99_tflops": 1064.1643453045483
    }
  },
  "seed": 0,
  "shape": {
    "k": 4096,
    "m": 4096,
    "n": 4096
  },
  "status": "ok",
  "timestamp": "2026-02-09T20:18:27+0000",
  "warmup": 10
}