{
  "correctness": {
    "max_abs_diff": 43.971099853515625,
    "max_rel_diff_vs_fp32_ref": 0.12601390447590768
  },
  "device": {
    "capability": "10.0",
    "name": "NVIDIA GB200",
    "use_ue8m0": true
  },
  "iters": 30,
  "quantization": {
    "gran_k_a": 128,
    "gran_k_b": 32,
    "recipe_a": [
      1,
      128
    ],
    "recipe_b": [
      1,
      32
    ]
  },
  "results": {
    "deepgemm_fp8_fp4": {
      "avg_ms": 0.09355413317680358,
      "avg_tflops": 1469.0847833762784,
      "p50_ms": 0.0923520028591156,
      "p50_tflops": 1488.2076101983976,
      "p99_ms": 0.10268799960613251,
      "p99_tflops": 1338.4129985894883
    },
    "deepgemm_over_torch_bf16_speedup": 1.2855302318328174,
    "torch_bf16_baseline": {
      "avg_ms": 0.12026666651169458,
      "avg_tflops": 1142.7850913173486,
      "p50_ms": 0.11958400160074234,
      "p50_tflops": 1149.308867676718,
      "p99_ms": 0.1292800009250641,
      "p99_tflops": 1063.1107092245857
    }
  },
  "seed": 0,
  "shape": {
    "k": 4096,
    "m": 4096,
    "n": 4096
  },
  "status": "ok",
  "timestamp": "2026-02-09T20:18:09+0000",
  "warmup": 10
}