label,m,n,k,dtype,iters,avg_ms,p50_ms,p99_ms,avg_tflops,p50_tflops,p99_tflops,physical_gpu,app_sm_mhz,app_mem_mhz,cur_sm_mhz,cur_mem_mhz
node1_gpu0,16384,16384,16384,bf16,50,5.662205161061138,5.79276803182438,5.900128977373242,1553.4747985994118,1518.4611180499403,1490.8306336930368,0,2062,3996,1950,3996
node1_gpu1,16384,16384,16384,bf16,50,5.862736236304045,5.936574947554618,6.2180840177461505,1500.3392047112095,1481.6780887827028,1414.5986122259399,1,2062,3996,1950,3996
node1_gpu2,16384,16384,16384,bf16,50,5.683270359877497,5.746777984313667,6.0009590233676136,1547.7168012815778,1530.61298804612,1465.7812172948009,2,2062,3996,1950,3996
node1_gpu3,16384,16384,16384,bf16,50,5.533111423719674,5.567221960518509,5.958780006039888,1589.7191197886202,1579.9788628130727,1476.1566987356773,3,2062,3996,1950,3996
