{
  "fio version" : "fio-3.36",
  "timestamp" : 1770514034,
  "timestamp_ms" : 1770514034956,
  "time" : "Sun Feb  8 01:27:14 2026",
  "jobs" : [
    {
      "jobname" : "rand-read",
      "groupid" : 0,
      "job_start" : 1770514004906,
      "error" : 0,
      "eta" : 0,
      "elapsed" : 31,
      "job options" : {
        "name" : "rand-read",
        "directory" : "/tmp/cluster_perf_fio_2026-02-08_011938_cluster_perf_node1",
        "ioengine" : "libaio",
        "direct" : "1",
        "rw" : "randread",
        "bs" : "4K",
        "size" : "1G",
        "numjobs" : "4",
        "iodepth" : "64",
        "runtime" : "30"
      },
      "read" : {
        "io_bytes" : 6407270400,
        "io_kbytes" : 6257100,
        "bw_bytes" : 213504511,
        "bw" : 208500,
        "iops" : 52125.124958,
        "runtime" : 30010,
        "total_ios" : 1564275,
        "short_ios" : 0,
        "drop_ios" : 0,
        "slat_ns" : {
          "min" : 1088,
          "max" : 4572200,
          "mean" : 75818.601062,
          "stddev" : 138654.999689,
          "N" : 1564275
        },
        "clat_ns" : {
          "min" : 1044265,
          "max" : 31792760,
          "mean" : 4834446.789238,
          "stddev" : 2497002.096254,
          "N" : 1564275,
          "percentile" : {
            "1.000000" : 1794048,
            "5.000000" : 2113536,
            "10.000000" : 2375680,
            "20.000000" : 2801664,
            "30.000000" : 3293184,
            "40.000000" : 3850240,
            "50.000000" : 4292608,
            "60.000000" : 4751360,
            "70.000000" : 5406720,
            "80.000000" : 6455296,
            "90.000000" : 7962624,
            "95.000000" : 9502720,
            "99.000000" : 13828096,
            "99.500000" : 15532032,
            "99.900000" : 20054016,
            "99.950000" : 21626880,
            "99.990000" : 25559040
          }
        },
        "lat_ns" : {
          "min" : 1162635,
          "max" : 34025004,
          "mean" : 4910265.390301,
          "stddev" : 2513704.946284,
          "N" : 1564275
        },
        "bw_min" : 104080,
        "bw_max" : 300000,
        "bw_agg" : 100.000000,
        "bw_mean" : 208536.400000,
        "bw_dev" : 9855.579510,
        "bw_samples" : 240,
        "iops_min" : 26020,
        "iops_max" : 75000,
        "iops_mean" : 52134.100000,
        "iops_stddev" : 2463.894878,
        "iops_samples" : 240
      },
      "write" : {
        "io_bytes" : 0,
        "io_kbytes" : 0,
        "bw_bytes" : 0,
        "bw" : 0,
        "iops" : 0.000000,
        "runtime" : 0,
        "total_ios" : 0,
        "short_ios" : 0,
        "drop_ios" : 0,
        "slat_ns" : {
          "min" : 0,
          "max" : 0,
          "mean" : 0.000000,
          "stddev" : 0.000000,
          "N" : 0
        },
        "clat_ns" : {
          "min" : 0,
          "max" : 0,
          "mean" : 0.000000,
          "stddev" : 0.000000,
          "N" : 0
        },
        "lat_ns" : {
          "min" : 0,
          "max" : 0,
          "mean" : 0.000000,
          "stddev" : 0.000000,
          "N" : 0
        },
        "bw_min" : 0,
        "bw_max" : 0,
        "bw_agg" : 0.000000,
        "bw_mean" : 0.000000,
        "bw_dev" : 0.000000,
        "bw_samples" : 0,
        "iops_min" : 0,
        "iops_max" : 0,
        "iops_mean" : 0.000000,
        "iops_stddev" : 0.000000,
        "iops_samples" : 0
      },
      "trim" : {
        "io_bytes" : 0,
        "io_kbytes" : 0,
        "bw_bytes" : 0,
        "bw" : 0,
        "iops" : 0.000000,
        "runtime" : 0,
        "total_ios" : 0,
        "short_ios" : 0,
        "drop_ios" : 0,
        "slat_ns" : {
          "min" : 0,
          "max" : 0,
          "mean" : 0.000000,
          "stddev" : 0.000000,
          "N" : 0
        },
        "clat_ns" : {
          "min" : 0,
          "max" : 0,
          "mean" : 0.000000,
          "stddev" : 0.000000,
          "N" : 0
        },
        "lat_ns" : {
          "min" : 0,
          "max" : 0,
          "mean" : 0.000000,
          "stddev" : 0.000000,
          "N" : 0
        },
        "bw_min" : 0,
        "bw_max" : 0,
        "bw_agg" : 0.000000,
        "bw_mean" : 0.000000,
        "bw_dev" : 0.000000,
        "bw_samples" : 0,
        "iops_min" : 0,
        "iops_max" : 0,
        "iops_mean" : 0.000000,
        "iops_stddev" : 0.000000,
        "iops_samples" : 0
      },
      "sync" : {
        "total_ios" : 0,
        "lat_ns" : {
          "min" : 0,
          "max" : 0,
          "mean" : 0.000000,
          "stddev" : 0.000000,
          "N" : 0
        }
      },
      "job_runtime" : 120036,
      "usr_cpu" : 0.823086,
      "sys_cpu" : 27.545903,
      "ctx" : 566258,
      "majf" : 0,
      "minf" : 200,
      "iodepth_level" : {
        "1" : 0.100000,
        "2" : 0.100000,
        "4" : 0.100000,
        "8" : 0.100000,
        "16" : 0.100000,
        "32" : 0.100000,
        ">=64" : 99.983890
      },
      "iodepth_submit" : {
        "0" : 0.000000,
        "4" : 100.000000,
        "8" : 0.000000,
        "16" : 0.000000,
        "32" : 0.000000,
        "64" : 0.000000,
        ">=64" : 0.000000
      },
      "iodepth_complete" : {
        "0" : 0.000000,
        "4" : 99.999744,
        "8" : 0.000000,
        "16" : 0.000000,
        "32" : 0.000000,
        "64" : 0.100000,
        ">=64" : 0.000000
      },
      "latency_ns" : {
        "2" : 0.000000,
        "4" : 0.000000,
        "10" : 0.000000,
        "20" : 0.000000,
        "50" : 0.000000,
        "100" : 0.000000,
        "250" : 0.000000,
        "500" : 0.000000,
        "750" : 0.000000,
        "1000" : 0.000000
      },
      "latency_us" : {
        "2" : 0.000000,
        "4" : 0.000000,
        "10" : 0.000000,
        "20" : 0.000000,
        "50" : 0.000000,
        "100" : 0.000000,
        "250" : 0.000000,
        "500" : 0.000000,
        "750" : 0.000000,
        "1000" : 0.000000
      },
      "latency_ms" : {
        "2" : 3.067555,
        "4" : 40.488469,
        "10" : 52.443720,
        "20" : 3.902127,
        "50" : 0.098129,
        "100" : 0.000000,
        "250" : 0.000000,
        "500" : 0.000000,
        "750" : 0.000000,
        "1000" : 0.000000,
        "2000" : 0.000000,
        ">=2000" : 0.000000
      },
      "latency_depth" : 64,
      "latency_target" : 0,
      "latency_percentile" : 100.000000,
      "latency_window" : 0
    }
  ],
  "disk_util" : [
    {
      "name" : "nvme7n1",
      "read_ios" : 1555839,
      "write_ios" : 100,
      "read_sectors" : 12450424,
      "write_sectors" : 13400,
      "read_merges" : 464,
      "write_merges" : 31,
      "read_ticks" : 3723906,
      "write_ticks" : 424,
      "in_queue" : 3724331,
      "util" : 86.386246
    }
  ]
}
