{
  "rows": [
    {
      "name": "A1",
      "score_us": 20.657538636245654,
      "seconds": 22.827325344085693
    },
    {
      "name": "B1",
      "score_us": 20.65941250612385,
      "seconds": 22.743814945220947
    },
    {
      "name": "A2",
      "score_us": 20.635726761381,
      "seconds": 22.673644542694092
    },
    {
      "name": "B2",
      "score_us": 20.61343667487431,
      "seconds": 22.92504072189331
    }
  ],
  "A_mean": 20.646632698813328,
  "B_mean": 20.636424590499082,
  "delta_B_minus_A": -0.010208108314245123
}