{
  "rows": [
    {
      "name": "A1",
      "score_us": 20.64064303236406,
      "seconds": 22.56121802330017
    },
    {
      "name": "C1",
      "score_us": 20.642916590187724,
      "seconds": 23.571693181991577
    },
    {
      "name": "A2",
      "score_us": 20.659607997279046,
      "seconds": 23.592108964920044
    },
    {
      "name": "C2",
      "score_us": 20.627318015455867,
      "seconds": 23.834615468978882
    }
  ],
  "A_mean": 20.650125514821553,
  "C_mean": 20.635117302821797,
  "delta_C_minus_A": -0.015008211999756327
}