{
  "rows": [
    {
      "name": "A3",
      "score_us": 20.63619469793421,
      "seconds": 22.70548105239868
    },
    {
      "name": "B3",
      "score_us": 20.644323757526795,
      "seconds": 22.77208662033081
    },
    {
      "name": "A4",
      "score_us": 20.651028484769075,
      "seconds": 22.599120616912842
    },
    {
      "name": "B4",
      "score_us": 20.61854564200252,
      "seconds": 22.59892988204956
    }
  ]
}