{
  "rows": [
    {
      "name": "A1",
      "score_us": 20.63919390779041,
      "seconds": 8.786776065826416
    },
    {
      "name": "B1",
      "score_us": 20.615068681388298,
      "seconds": 22.75169348716736
    },
    {
      "name": "A2",
      "score_us": 20.61517221866364,
      "seconds": 22.894038200378418
    },
    {
      "name": "B2",
      "score_us": 20.62407755452181,
      "seconds": 22.93373990058899
    }
  ],
  "A_mean": 20.627183063227026,
  "B_mean": 20.619573117955056,
  "delta_B_minus_A": -0.007609945271969565
}